id,id_oprema,vrsta_slike,ime_slike
"1","117","Slika1","117 - Slika1.jpg"
"2","118","Slika1","118 - Slika1.jpg"
"3","118","Slika2","118 - Slika2.jpg"
"4","118","Slika3","118 - Slika3.jpg"
"5","117","Slika2","117 - Slika2.jpg"
"6","117","Slika3","117 - Slika3.jpg"
"7","131","Slika1","131 - Slika1.jpg"
"8","131","Slika2","131 - Slika2.jpg"
"9","131","Slika3","131 - Slika3.jpg"
"10","131","Slika4","131 - Slika4.jpg"
"11","121","Slika1","121 - Slika1.jpg"
"12","121","Slika2","121 - Slika2.jpg"
"13","121","Slika3","121 - Slika3.jpg"
"14","121","Slika4","121 - Slika4.jpg"
"15","134","Slika1","134 - Slika1.jpg"
"16","134","Slika2","134 - Slika2.jpg"
"17","134","Slika3","134 - Slika3.jpg"
"18","135","Slika1","135 - Slika1.jpg"
"19","135","Slika2","135 - Slika2.jpg"
"20","135","Slika3","135 - Slika3.jpg"
"21","135","Slika4","135 - Slika4.jpg"
"22","135","Slika5","135 - Slika5.jpg"
"23","135","Slika6","135 - Slika6.jpg"
"24","18","Slika1","18 - Slika1.jpg"
"25","123","Slika1","123 - Slika1.jpg"
"26","124","Slika1","124 - Slika1.jpg"
"27","124","Slika2","124 - Slika2.jpg"
"28","118","Slika4","118 - Slika4.jpg"
"29","125","Slika1","125 - Slika1.jpg"
"30","9","Slika1","9 - Slika1.jpg"
"31","9","Slika2","9 - Slika2.jpg"
"32","9","Slika3","9 - Slika3.jpg"
"33","126","Slika1","126 - Slika1.jpg"
"34","126","Slika2","126 - Slika2.jpg"
"35","126","Slika3","126 - Slika3.jpg"
"36","19","Slika1","19 - Slika1.jpg"
"37","19","Slika2","19 - Slika2.jpg"
"38","19","Slika3","19 - Slika3.jpg"
"39","61","Slika1","61 - Slika1.jpg"
"40","61","Slika2","61 - Slika2.jpg"
"41","61","Slika3","61 - Slika3.jpg"
"42","111","Slika1","111 - Slika1.jpg"
"43","111","Slika2","111 - Slika2.jpg"
"44","112","Slika1","112 - Slika1.jpg"
"45","112","Slika2","112 - Slika2.jpg"
"46","112","Slika3","112 - Slika3.jpg"
"47","112","Slika4","112 - Slika4.jpg"
"48","112","Slika5","112 - Slika5.jpg"
"49","113","Slika1","113 - Slika1.jpg"
"50","113","Slika2","113 - Slika2.jpg"
"51","129","Slika1","129 - Slika1.jpg"
"52","129","Slika2","129 - Slika2.jpg"
"53","129","Slika3","129 - Slika3.jpg"
"54","28","Slika1","28 - Slika1.jpg"
"55","28","Slika2","28 - Slika2.jpg"
"56","72","Slika1","72 - Slika1.jpg"
"57","73","Slika1","73 - Slika1.jpg"
"58","74","Slika1","74 - Slika1.jpg"
"59","77","Slika1","77 - Slika1.jpg"
"60","114","Slika1","114 - Slika1.jpg"
"61","114","Slika2","114 - Slika2.jpg"
"62","114","Slika3","114 - Slika3.jpg"
"63","115","Slika1","115 - Slika1.jpg"
"64","116","Slika1","116 - Slika1.jpg"
"65","116","Slika2","116 - Slika2.jpg"
"66","18","Slika2","18 - Slika2.jpg"
"67","18","Slika3","18 - Slika3.jpg"
"68","136","Slika1","136 - Slika1.jpg"
"69","136","Slika2","136 - Slika2.jpg"
"70","136","Slika3","136 - Slika3.jpg"
"71","136","Slika4","136 - Slika4.jpg"
"72","136","Slika5","136 - Slika5.jpg"
"73","136","Slika6","136 - Slika6.jpg"
"74","137","Slika1","137 - Slika1.jpg"
"75","137","Slika2","137 - Slika2.jpg"
"76","137","Slika3","137 - Slika3.jpg"
"77","137","Slika4","137 - Slika4.jpg"
"78","137","Slika5","137 - Slika5.jpg"
"79","138","Slika1","138 - Slika1.jpg"
"80","138","Slika2","138 - Slika2.jpg"
"81","138","Slika3","138 - Slika3.jpg"
"82","138","Slika4","138 - Slika4.jpg"
"83","138","Slika5","138 - Slika5.jpg"
"84","138","Slika6","138 - Slika6.jpg"
"85","126","Slika4","126 - Slika4.jpg"
"86","139","Slika1","139 - Slika1.jpg"
"87","139","Slika2","139 - Slika2.jpg"
"88","139","Slika3","139 - Slika3.jpg"
"89","139","Slika4","139 - Slika4.jpg"
"90","122","Slika1","122 - Slika1.jpg"
"91","122","Slika2","122 - Slika2.jpg"
"92","122","Slika3","122 - Slika3.jpg"
"93","122","Slika4","122 - Slika4.jpg"
"94","122","Slika5","122 - Slika5.jpg"
"95","122","Slika6","122 - Slika6.jpg"
"96","133","Slika1","133 - Slika1.jpg"
"97","133","Slika2","133 - Slika2.jpg"
"98","133","Slika3","133 - Slika3.jpg"
"99","133","Slika4","133 - Slika4.jpg"
"100","133","Slika5","133 - Slika5.jpg"
"101","133","Slika6","133 - Slika6.jpg"
"102","140","Slika1","140 - Slika1.jpg"
"103","140","Slika2","140 - Slika2.jpg"
"104","140","Slika3","140 - Slika3.jpg"
"105","140","Slika4","140 - Slika4.jpg"
"106","140","Slika5","140 - Slika5.jpg"
"107","140","Slika6","140 - Slika6.jpg"
"108","141","Slika1","141 - Slika1.jpg"
"109","141","Slika3","141 - Slika3.jpg"
"110","141","Slika4","141 - Slika4.jpg"
"111","141","Slika5","141 - Slika5.jpg"
"112","141","Slika6","141 - Slika6.jpg"
"113","141","Slika2","141 - Slika2.jpg"
"114","142","Slika1","142 - Slika1.jpg"
"115","142","Slika2","142 - Slika2.jpg"
"116","142","Slika3","142 - Slika3.jpg"
"117","142","Slika4","142 - Slika4.jpg"
"118","142","Slika5","142 - Slika5.jpg"
"119","143","Slika1","143 - Slika1.jpg"
"120","143","Slika2","143 - Slika2.jpg"
"121","143","Slika3","143 - Slika3.jpg"
"122","143","Slika4","143 - Slika4.jpg"
"123","143","Slika5","143 - Slika5.jpg"
"124","144","Slika2","144 - Slika2.jpg"
"125","144","Slika3","144 - Slika3.jpg"
"126","144","Slika4","144 - Slika4.jpg"
"127","144","Slika5","144 - Slika5.jpg"
"128","144","Slika6","144 - Slika6.jpg"
"129","111","Slika3","111 - Slika3.jpg"
"130","111","Slika4","111 - Slika4.jpg"
"131","111","Slika5","111 - Slika5.jpg"
"132","111","Slika6","111 - Slika6.jpg"
"133","145","Slika1","145 - Slika1.jpg"
"134","145","Slika2","145 - Slika2.jpg"
"135","146","Slika1","146 - Slika1.jpg"
"136","146","Slika2","146 - Slika2.jpg"
"137","146","Slika3","146 - Slika3.jpg"
"138","146","Slika4","146 - Slika4.jpg"
"139","147","Slika1","147 - Slika1.jpg"
"140","147","Slika2","147 - Slika2.jpg"
"141","147","Slika3","147 - Slika3.jpg"
"142","144","Slika1","144 - Slika1.jpg"
"143","9","Predstavna","9 - predstavna.jpg"
"144","18","Predstavna","18 - predstavna.jpg"
"145","19","Predstavna","19 - predstavna.jpg"
"146","26","Predstavna","26 - predstavna.jpg"
"147","27","Predstavna","27 - predstavna.jpg"
"148","28","Predstavna","28 - predstavna.jpg"
"149","39","Predstavna","39 - predstavna.jpg"
"150","41","Predstavna","41 - predstavna.jpg"
"151","61","Predstavna","61 - predstavna.jpg"
"152","72","Predstavna","72 - predstavna.jpg"
"153","73","Predstavna","73 - predstavna.jpg"
"154","74","Predstavna","74 - predstavna.jpg"
"155","77","Predstavna","77 - predstavna.jpg"
"156","78","Predstavna","78 - predstavna.jpg"
"157","104","Predstavna","104 - predstavna.jpg"
"158","111","Predstavna","111 - predstavna.jpg"
"159","112","Predstavna","112 - predstavna.jpg"
"160","113","Predstavna","113 - predstavna.jpg"
"161","114","Predstavna","114 - predstavna.jpg"
"162","115","Predstavna","115 - predstavna.jpg"
"163","116","Predstavna","116 - predstavna.jpg"
"164","117","Predstavna","117 - predstavna.jpg"
"165","118","Predstavna","118 - predstavna.jpg"
"166","121","Predstavna","121 - predstavna.jpg"
"167","122","Predstavna","122 - predstavna.jpg"
"168","123","Predstavna","123 - predstavna.jpg"
"169","124","Predstavna","124 - predstavna.jpg"
"170","125","Predstavna","125 - predstavna.jpg"
"171","126","Predstavna","126 - predstavna.jpg"
"172","129","Predstavna","129 - predstavna.jpg"
"173","131","Predstavna","131 - predstavna.jpg"
"174","133","Predstavna","133 - predstavna.jpg"
"175","134","Predstavna","134 - predstavna.jpg"
"176","135","Predstavna","135 - predstavna.jpg"
"177","136","Predstavna","136 - predstavna.jpg"
"178","137","Predstavna","137 - predstavna.jpg"
"179","138","Predstavna","138 - predstavna.jpg"
"180","139","Predstavna","139 - predstavna.jpg"
"181","140","Predstavna","140 - predstavna.jpg"
"182","141","Predstavna","141 - predstavna.jpg"
"183","142","Predstavna","142 - predstavna.jpg"
"184","143","Predstavna","143 - predstavna.jpg"
"185","144","Predstavna","144 - predstavna.jpg"
"186","145","Predstavna","145 - predstavna.jpg"
"187","146","Predstavna","146 - predstavna.jpg"
"188","147","Predstavna","147 - predstavna.jpg"
