id_prodaja,imenovani_prodajalec,garancijski_rok_meseci,cena_nove,rabat_procent,prodajna_cena,datum_prodaje,komentar_ob_prodaji,status_prodaje
"1","Kranjc Andrej",,,,,,,"3. PRODANO"
"2","Kranjc Andrej",,,,,,,"3. PRODANO"
"3","Kranjc Andrej",,,,,,,"3. PRODANO"
"4","Kranjc Andrej",,,,,,,"3. PRODANO"
"5","Kranjc Andrej",,,,,,,"3. PRODANO"
"6",,"12",,,"1700",,"Prodaja predvidena Pekarna SOLE veza Ivan begovic 2020-08-25","3. PRODANO"
"7","Starman Jure",,,,,,,"3. PRODANO"
"8","Kranjc Andrej",,,,,,,"3. PRODANO"
"9","Kranjc Andrej",,,,,,,"2. NEPRODANO"
"10",,,,,,,,"3. PRODANO"
"11",,,,,,,,"3. PRODANO"
"12","Kranjc Andrej",,,,,,,"3. PRODANO"
"13",,,,,,,,"3. PRODANO"
"14",,,,,"2800",,"2109140920FICD: ""Preverim plačilo."" Montaža planirana: september 2021.","3. PRODANO"
"15","Kranjc Andrej",,,,,,,"3. PRODANO"
"16",,,,,,,"Rezervirana za Romunijo","3. PRODANO"
"17",,,,,,,"Prodano Klemen Jančič s.p.","3. PRODANO"
"18","Kranjc Andrej",,,,,,,"3. PRODANO"
"19","Kranjc Andrej",,,,,,,"2. NEPRODANO"
"20",,,"6850","60","2740",,,"3. PRODANO"
"21","Kranjc Andrej",,,,,,,"3. PRODANO"
"22",,,,,,,,"4. POSOJENO"
"23","Kranjc Andrej",,,,,,,"3. PRODANO"
"24","Kranjc Andrej",,,,,,,"3. PRODANO"
"25","Kranjc Andrej",,,,,,,"3. PRODANO"
"26",,,,,,,,"0. NI ZA PRODAJO"
"27","Kranjc Andrej",,,,"1000",,,"2. NEPRODANO"
"28","Kranjc Andrej",,,,,,,"2. NEPRODANO"
"29",,,"5500","60","2200",,,"3. PRODANO"
"30","Kranjc Andrej",,,,,,,"3. PRODANO"
"31",,,"1335","60","380",,,"3. PRODANO"
"32",,,"2100","50","1050",,,"3. PRODANO"
"33",,,"3280","60","1312",,,"3. PRODANO"
"34",,,"5700","55","2565",,,"3. PRODANO"
"35","Kranjc Andrej",,"2040","55","918",,,"3. PRODANO"
"36",,,"2040","55","918",,"PRODANO BEGOVIČ","3. PRODANO"
"37",,,"2040","55","918",,"Prodano Tim Zip","3. PRODANO"
"38",,,,,,,,"3. PRODANO"
"39",,,,,,,,"0. NI ZA PRODAJO"
"40","Kranjc Andrej",,"1350","55","607.5",,,"3. PRODANO"
"41","Kranjc Andrej",,,,,,,"2. NEPRODANO"
"42",,"12","4160","55","1872",,,"3. PRODANO"
"43","Kranjc Andrej",,"2830","55","1273.5",,,"3. PRODANO"
"44",,,"2390","55","1075.5",,"Prodano kot nova peč Rusija","3. PRODANO"
"45",,,"2390","55","1075.5",,"Prodano kot nova peč Rusija","3. PRODANO"
"46",,,"3520","55","1584",,,"3. PRODANO"
"47",,"12","4490","60","1796",,"Prodano Lias","3. PRODANO"
"48",,"12","4490","60","1796",,"Prodano IZRAEL AMIR","3. PRODANO"
"49",,"12","7860","60","3144","2020-06-09","Triex","3. PRODANO"
"50",,"12","8910","60","3564",,"Prodano Erik Dietz","3. PRODANO"
"51",,,"3390","55","1525.5",,,"3. PRODANO"
"52","Kranjc Andrej",,"4160","55","1872",,,"3. PRODANO"
"53","Kranjc Andrej",,"4160","55","1872",,,"3. PRODANO"
"54","Kranjc Andrej",,"4160","55","1872","2021-08-16","Prodano Kaza Sistemi, št. dobavnice 20/202/2100093","3. PRODANO"
"55",,"0",,,"300",,"Prodano Lias 14.5.2020","3. PRODANO"
"56",,,,,"500",,"Prodano Ivan Begović","3. PRODANO"
"57",,,"5960","50","2980",,"Prodano Tim Zip kot NOVO","3. PRODANO"
"58",,,"3490","60","1396",,,"3. PRODANO"
"59",,,"10570","50","5285",,,"0. NI ZA PRODAJO"
"60",,,"8300",,,,,"0. NI ZA PRODAJO"
"61",,,"9970","50","4985",,,"0. NI ZA PRODAJO"
"62",,,"9970","55","4486.5",,,"3. PRODANO"
"63",,,"9970","60","3988",,,"0. NI ZA PRODAJO"
"64",,,"3770","50","1885",,,"3. PRODANO"
"65",,,"3770","50","1885",,"Prodano Statist","3. PRODANO"
"66","Kranjc Andrej",,"5960","55","2682",,,"3. PRODANO"
"67",,,"5960","55","2682",,,"3. PRODANO"
"68",,,"8300","50","4150",,,"3. PRODANO"
"69",,,,,,,,"3. PRODANO"
"70",,,"11950","50","5975",,,"3. PRODANO"
"71",,,"4990","60","1996",,,"3. PRODANO"
"72","Kranjc Andrej",,,,,,,"2. NEPRODANO"
"73","Kranjc Andrej",,,,,,,"2. NEPRODANO"
"74","Kranjc Andrej",,,,,,,"2. NEPRODANO"
"75","Kranjc Andrej",,,,,,,"2. NEPRODANO"
"76","Kranjc Andrej",,,,,,,"3. PRODANO"
"77","Kranjc Andrej",,,,,,,"2. NEPRODANO"
"78","Kranjc Andrej",,,,,,,"2. NEPRODANO"
"79",,,,,,,,"3. PRODANO"
"80",,,"890","50","445",,"Prodano Begovič","3. PRODANO"
"81",,,"790",,,,,"3. PRODANO"
"82",,,"900","55","405",,"PRODANO PAGARI","3. PRODANO"
"83",,,"1550","50","775",,"Prodano Polavon","3. PRODANO"
"84",,,"990","55","445.5",,"Prodano Erik Dietz","3. PRODANO"
"85","Kranjc Andrej",,"900","55","405",,,"3. PRODANO"
"86","Starman Jure",,"990","55","445.5",,,"3. PRODANO"
"87",,,"4890","50","2445",,"Prodano Bar Mercedes","3. PRODANO"
"88",,,"11920","43","6794.4",,,"3. PRODANO"
"89",,,"11920","43","6794.4",,,"3. PRODANO"
"90",,,,,,,,"3. PRODANO"
"91","Kranjc Andrej",,"1350",,,,,"3. PRODANO"
"92",,,"8736","50","4368",,"Prodano Polmarkus","3. PRODANO"
"93","Jurjevčič Rok",,"9324","50","4662",,,"3. PRODANO"
"94",,,,,"1820",,,"3. PRODANO"
"95",,,"2040","50","1020",,"Prodano Lias","3. PRODANO"
"96",,,"820","55","369",,,"3. PRODANO"
"97",,,,,"860",,"Prodano Pečjak","3. PRODANO"
"98",,,,,,,,"3. PRODANO"
"99","Kranjc Andrej",,,,,,,"2. NEPRODANO"
"100",,,,,,,,"3. PRODANO"
"101",,,"4390","50","2195",,,"3. PRODANO"
"102",,,"4390","50","2195",,,"3. PRODANO"
"103",,,"4390","50","2195",,"Jager","3. PRODANO"
"104",,,"4390","50","2195",,,"2. NEPRODANO"
"105",,,"3590","55","1615.5",,"Prodano Statist","3. PRODANO"
"106",,,"3590","55","1615.5",,"Prodano Šikar","3. PRODANO"
"107",,,"2350",,,,,"3. PRODANO"
"108",,,,,,,,"3. PRODANO"
"109",,,,,,,,"3. PRODANO"
"110",,,"4390","50","2195",,,"3. PRODANO"
"111",,,,,,,,"2. NEPRODANO"
"112",,,,,,,,"3. PRODANO"
"113",,,,,,,,"2. NEPRODANO"
"114",,,,,,,,"4. POSOJENO"
"115",,,,,,,,"2. NEPRODANO"
"116",,,,,,,,"3. PRODANO"
"117",,,,,,,,"2. NEPRODANO"
"118",,,,,,,,"2. NEPRODANO"
"119",,,,,,,,"4. POSOJENO"
"120",,,,,,,,"2. NEPRODANO"
"121",,,,,,,,"2. NEPRODANO"
"122",,,,,,,,"4. POSOJENO"
"123",,,,,,,,"3. PRODANO"
"124",,,,,,,,"2. NEPRODANO"
"125",,,,,,,,"0. NI ZA PRODAJO"
"126",,,,,,,,"3. PRODANO"
"127",,,,,,,,"3. PRODANO"
"128",,,,,,,,"3. PRODANO"
"129",,,,,,,,"0. NI ZA PRODAJO"
"130",,,,,,,,"2. NEPRODANO"
"131",,,,,,,,"4. POSOJENO"
"132",,,,,,,,"2. NEPRODANO"
"133",,,,,,,,"3. PRODANO"
"134",,,,,,,,"2. NEPRODANO"
"135",,,,,,,,"3. PRODANO"
"136",,,,,,,,"3. PRODANO"
"137",,,,,,,,"2. NEPRODANO"
"138",,,,,,,,"2. NEPRODANO"
"139",,,,,,,,"2. NEPRODANO"
"140",,,,,,,,"2. NEPRODANO"
"141",,,,,,,,"4. POSOJENO"
"142",,,,,,,,"2. NEPRODANO"
"143",,,,,,,,"2. NEPRODANO"
"144",,,,,,,,"2. NEPRODANO"
"145",,,,,,,,"2. NEPRODANO"
"146",,,,,,,,"2. NEPRODANO"
